nome_atual,novo_nome
NOMAD COR 01 1.jpg,11242 - TAPETE NOMAD 01 100X140.jpg
NOMAD COR 01 1.jpg,11243 - TAPETE NOMAD 01 140X200.jpg
NOMAD COR 01 1.jpg,11244 - TAPETE NOMAD 01 200X250.jpg
NOMAD COR 01 1.jpg,11245 - TAPETE NOMAD 01 250X300.jpg
NOMAD COR 01 1.jpg,11246 - TAPETE NOMAD 01 300X400.jpg
NOMAD COR 01 1.jpg,11393 - TAPETE NOMAD 01 50X50.jpg
NOMAD COR 01 2.jpg,11242 - TAPETE NOMAD 01 100X140.jpg
NOMAD COR 01 2.jpg,11243 - TAPETE NOMAD 01 140X200.jpg
NOMAD COR 01 2.jpg,11244 - TAPETE NOMAD 01 200X250.jpg
NOMAD COR 01 2.jpg,11245 - TAPETE NOMAD 01 250X300.jpg
NOMAD COR 01 2.jpg,11246 - TAPETE NOMAD 01 300X400.jpg
NOMAD COR 01 2.jpg,11393 - TAPETE NOMAD 01 50X50.jpg
NOMAD COR 01 3.jpg,11242 - TAPETE NOMAD 01 100X140.jpg
NOMAD COR 01 3.jpg,11243 - TAPETE NOMAD 01 140X200.jpg
NOMAD COR 01 3.jpg,11244 - TAPETE NOMAD 01 200X250.jpg
NOMAD COR 01 3.jpg,11245 - TAPETE NOMAD 01 250X300.jpg
NOMAD COR 01 3.jpg,11246 - TAPETE NOMAD 01 300X400.jpg
NOMAD COR 01 3.jpg,11393 - TAPETE NOMAD 01 50X50.jpg
NOMAD COR 01 4.jpg,11242 - TAPETE NOMAD 01 100X140.jpg
NOMAD COR 01 4.jpg,11243 - TAPETE NOMAD 01 140X200.jpg
NOMAD COR 01 4.jpg,11244 - TAPETE NOMAD 01 200X250.jpg
NOMAD COR 01 4.jpg,11245 - TAPETE NOMAD 01 250X300.jpg
NOMAD COR 01 4.jpg,11246 - TAPETE NOMAD 01 300X400.jpg
NOMAD COR 01 4.jpg,11393 - TAPETE NOMAD 01 50X50.jpg
NOMAD COR 01 5.jpg,11242 - TAPETE NOMAD 01 100X140.jpg
NOMAD COR 01 5.jpg,11243 - TAPETE NOMAD 01 140X200.jpg
NOMAD COR 01 5.jpg,11244 - TAPETE NOMAD 01 200X250.jpg
NOMAD COR 01 5.jpg,11245 - TAPETE NOMAD 01 250X300.jpg
NOMAD COR 01 5.jpg,11246 - TAPETE NOMAD 01 300X400.jpg
NOMAD COR 01 5.jpg,11393 - TAPETE NOMAD 01 50X50.jpg
NOMAD COR 02 1.jpg,11247 - TAPETE NOMAD 02 100X140.jpg
NOMAD COR 02 1.jpg,11248 - TAPETE NOMAD 02 140X200.jpg
NOMAD COR 02 1.jpg,11249 - TAPETE NOMAD 02 200X250.jpg
NOMAD COR 02 1.jpg,11250 - TAPETE NOMAD 02 250X300.jpg
NOMAD COR 02 1.jpg,11251 - TAPETE NOMAD 02 300X400.jpg
NOMAD COR 02 2.jpg,11247 - TAPETE NOMAD 02 100X140.jpg
NOMAD COR 02 2.jpg,11248 - TAPETE NOMAD 02 140X200.jpg
NOMAD COR 02 2.jpg,11249 - TAPETE NOMAD 02 200X250.jpg
NOMAD COR 02 2.jpg,11250 - TAPETE NOMAD 02 250X300.jpg
NOMAD COR 02 2.jpg,11251 - TAPETE NOMAD 02 300X400.jpg
NOMAD COR 02 3.jpg,11247 - TAPETE NOMAD 02 100X140.jpg
NOMAD COR 02 3.jpg,11248 - TAPETE NOMAD 02 140X200.jpg
NOMAD COR 02 3.jpg,11249 - TAPETE NOMAD 02 200X250.jpg
NOMAD COR 02 3.jpg,11250 - TAPETE NOMAD 02 250X300.jpg
NOMAD COR 02 3.jpg,11251 - TAPETE NOMAD 02 300X400.jpg
NOMAD COR 02 4.jpg,11247 - TAPETE NOMAD 02 100X140.jpg
NOMAD COR 02 4.jpg,11248 - TAPETE NOMAD 02 140X200.jpg
NOMAD COR 02 4.jpg,11249 - TAPETE NOMAD 02 200X250.jpg
NOMAD COR 02 4.jpg,11250 - TAPETE NOMAD 02 250X300.jpg
NOMAD COR 02 4.jpg,11251 - TAPETE NOMAD 02 300X400.jpg
NOMAD COR 02 5.jpg,11247 - TAPETE NOMAD 02 100X140.jpg
NOMAD COR 02 5.jpg,11248 - TAPETE NOMAD 02 140X200.jpg
NOMAD COR 02 5.jpg,11249 - TAPETE NOMAD 02 200X250.jpg
NOMAD COR 02 5.jpg,11250 - TAPETE NOMAD 02 250X300.jpg
NOMAD COR 02 5.jpg,11251 - TAPETE NOMAD 02 300X400.jpg
NOMAD COR 03 00.jpg,11252 - TAPETE NOMAD 03 100X140.jpg
NOMAD COR 03 00.jpg,11253 - TAPETE NOMAD 03 140X200.jpg
NOMAD COR 03 00.jpg,11254 - TAPETE NOMAD 03 200X250.jpg
NOMAD COR 03 00.jpg,11255 - TAPETE NOMAD 03 250X300.jpg
NOMAD COR 03 00.jpg,11256 - TAPETE NOMAD 03 300X400.jpg
NOMAD COR 03 1.jpg,11252 - TAPETE NOMAD 03 100X140.jpg
NOMAD COR 03 1.jpg,11253 - TAPETE NOMAD 03 140X200.jpg
NOMAD COR 03 1.jpg,11254 - TAPETE NOMAD 03 200X250.jpg
NOMAD COR 03 1.jpg,11255 - TAPETE NOMAD 03 250X300.jpg
NOMAD COR 03 1.jpg,11256 - TAPETE NOMAD 03 300X400.jpg
NOMAD COR 03 2.jpg,11252 - TAPETE NOMAD 03 100X140.jpg
NOMAD COR 03 2.jpg,11253 - TAPETE NOMAD 03 140X200.jpg
NOMAD COR 03 2.jpg,11254 - TAPETE NOMAD 03 200X250.jpg
NOMAD COR 03 2.jpg,11255 - TAPETE NOMAD 03 250X300.jpg
NOMAD COR 03 2.jpg,11256 - TAPETE NOMAD 03 300X400.jpg
NOMAD COR 03 3.jpg,11252 - TAPETE NOMAD 03 100X140.jpg
NOMAD COR 03 3.jpg,11253 - TAPETE NOMAD 03 140X200.jpg
NOMAD COR 03 3.jpg,11254 - TAPETE NOMAD 03 200X250.jpg
NOMAD COR 03 3.jpg,11255 - TAPETE NOMAD 03 250X300.jpg
NOMAD COR 03 3.jpg,11256 - TAPETE NOMAD 03 300X400.jpg
NOMAD COR 03.jpg,11252 - TAPETE NOMAD 03 100X140.jpg
NOMAD COR 03.jpg,11253 - TAPETE NOMAD 03 140X200.jpg
NOMAD COR 03.jpg,11254 - TAPETE NOMAD 03 200X250.jpg
NOMAD COR 03.jpg,11255 - TAPETE NOMAD 03 250X300.jpg
NOMAD COR 03.jpg,11256 - TAPETE NOMAD 03 300X400.jpg
NOMAD COR 04 1.jpg,11257 - TAPETE NOMAD 04 100X140.jpg
NOMAD COR 04 1.jpg,11258 - TAPETE NOMAD 04 140X200.jpg
NOMAD COR 04 1.jpg,11259 - TAPETE NOMAD 04 200X250.jpg
NOMAD COR 04 1.jpg,11260 - TAPETE NOMAD 04 250X300.jpg
NOMAD COR 04 1.jpg,11261 - TAPETE NOMAD 04 300X400.jpg
NOMAD COR 04 2.jpg,11257 - TAPETE NOMAD 04 100X140.jpg
NOMAD COR 04 2.jpg,11258 - TAPETE NOMAD 04 140X200.jpg
NOMAD COR 04 2.jpg,11259 - TAPETE NOMAD 04 200X250.jpg
NOMAD COR 04 2.jpg,11260 - TAPETE NOMAD 04 250X300.jpg
NOMAD COR 04 2.jpg,11261 - TAPETE NOMAD 04 300X400.jpg
NOMAD COR 04 3.jpg,11257 - TAPETE NOMAD 04 100X140.jpg
NOMAD COR 04 3.jpg,11258 - TAPETE NOMAD 04 140X200.jpg
NOMAD COR 04 3.jpg,11259 - TAPETE NOMAD 04 200X250.jpg
NOMAD COR 04 3.jpg,11260 - TAPETE NOMAD 04 250X300.jpg
NOMAD COR 04 3.jpg,11261 - TAPETE NOMAD 04 300X400.jpg
NOMAD COR 04 4.jpg,11257 - TAPETE NOMAD 04 100X140.jpg
NOMAD COR 04 4.jpg,11258 - TAPETE NOMAD 04 140X200.jpg
NOMAD COR 04 4.jpg,11259 - TAPETE NOMAD 04 200X250.jpg
NOMAD COR 04 4.jpg,11260 - TAPETE NOMAD 04 250X300.jpg
NOMAD COR 04 4.jpg,11261 - TAPETE NOMAD 04 300X400.jpg
NOMAD COR 04 5.jpg,11257 - TAPETE NOMAD 04 100X140.jpg
NOMAD COR 04 5.jpg,11258 - TAPETE NOMAD 04 140X200.jpg
NOMAD COR 04 5.jpg,11259 - TAPETE NOMAD 04 200X250.jpg
NOMAD COR 04 5.jpg,11260 - TAPETE NOMAD 04 250X300.jpg
NOMAD COR 04 5.jpg,11261 - TAPETE NOMAD 04 300X400.jpg
NOMAD COR 05 1.jpg,11262 - TAPETE NOMAD 05 100X140.jpg
NOMAD COR 05 1.jpg,11263 - TAPETE NOMAD 05 140X200.jpg
NOMAD COR 05 1.jpg,11264 - TAPETE NOMAD 05 200X250.jpg
NOMAD COR 05 1.jpg,11265 - TAPETE NOMAD 05 250X300.jpg
NOMAD COR 05 1.jpg,11266 - TAPETE NOMAD 05 300X400.jpg
NOMAD COR 05 2.jpg,11262 - TAPETE NOMAD 05 100X140.jpg
NOMAD COR 05 2.jpg,11263 - TAPETE NOMAD 05 140X200.jpg
NOMAD COR 05 2.jpg,11264 - TAPETE NOMAD 05 200X250.jpg
NOMAD COR 05 2.jpg,11265 - TAPETE NOMAD 05 250X300.jpg
NOMAD COR 05 2.jpg,11266 - TAPETE NOMAD 05 300X400.jpg
NOMAD COR 05 3.jpg,11262 - TAPETE NOMAD 05 100X140.jpg
NOMAD COR 05 3.jpg,11263 - TAPETE NOMAD 05 140X200.jpg
NOMAD COR 05 3.jpg,11264 - TAPETE NOMAD 05 200X250.jpg
NOMAD COR 05 3.jpg,11265 - TAPETE NOMAD 05 250X300.jpg
NOMAD COR 05 3.jpg,11266 - TAPETE NOMAD 05 300X400.jpg
NOMAD COR 05 4.jpg,11262 - TAPETE NOMAD 05 100X140.jpg
NOMAD COR 05 4.jpg,11263 - TAPETE NOMAD 05 140X200.jpg
NOMAD COR 05 4.jpg,11264 - TAPETE NOMAD 05 200X250.jpg
NOMAD COR 05 4.jpg,11265 - TAPETE NOMAD 05 250X300.jpg
NOMAD COR 05 4.jpg,11266 - TAPETE NOMAD 05 300X400.jpg
NOMAD COR 05 5.jpg,11262 - TAPETE NOMAD 05 100X140.jpg
NOMAD COR 05 5.jpg,11263 - TAPETE NOMAD 05 140X200.jpg
NOMAD COR 05 5.jpg,11264 - TAPETE NOMAD 05 200X250.jpg
NOMAD COR 05 5.jpg,11265 - TAPETE NOMAD 05 250X300.jpg
NOMAD COR 05 5.jpg,11266 - TAPETE NOMAD 05 300X400.jpg
NOMAD COR 06 1.jpg,11267 - TAPETE NOMAD 06 100X140.jpg
NOMAD COR 06 1.jpg,11268 - TAPETE NOMAD 06 140X200.jpg
NOMAD COR 06 1.jpg,11269 - TAPETE NOMAD 06 200X250.jpg
NOMAD COR 06 1.jpg,11270 - TAPETE NOMAD 06 250X300.jpg
NOMAD COR 06 1.jpg,11271 - TAPETE NOMAD 06 300X400.jpg
NOMAD COR 06 2.jpg,11267 - TAPETE NOMAD 06 100X140.jpg
NOMAD COR 06 2.jpg,11268 - TAPETE NOMAD 06 140X200.jpg
NOMAD COR 06 2.jpg,11269 - TAPETE NOMAD 06 200X250.jpg
NOMAD COR 06 2.jpg,11270 - TAPETE NOMAD 06 250X300.jpg
NOMAD COR 06 2.jpg,11271 - TAPETE NOMAD 06 300X400.jpg
NOMAD COR 06 3.jpg,11267 - TAPETE NOMAD 06 100X140.jpg
NOMAD COR 06 3.jpg,11268 - TAPETE NOMAD 06 140X200.jpg
NOMAD COR 06 3.jpg,11269 - TAPETE NOMAD 06 200X250.jpg
NOMAD COR 06 3.jpg,11270 - TAPETE NOMAD 06 250X300.jpg
NOMAD COR 06 3.jpg,11271 - TAPETE NOMAD 06 300X400.jpg
NOMAD COR 06 4.jpg,11267 - TAPETE NOMAD 06 100X140.jpg
NOMAD COR 06 4.jpg,11268 - TAPETE NOMAD 06 140X200.jpg
NOMAD COR 06 4.jpg,11269 - TAPETE NOMAD 06 200X250.jpg
NOMAD COR 06 4.jpg,11270 - TAPETE NOMAD 06 250X300.jpg
NOMAD COR 06 4.jpg,11271 - TAPETE NOMAD 06 300X400.jpg
NOMAD COR 06 5.jpg,11267 - TAPETE NOMAD 06 100X140.jpg
NOMAD COR 06 5.jpg,11268 - TAPETE NOMAD 06 140X200.jpg
NOMAD COR 06 5.jpg,11269 - TAPETE NOMAD 06 200X250.jpg
NOMAD COR 06 5.jpg,11270 - TAPETE NOMAD 06 250X300.jpg
NOMAD COR 06 5.jpg,11271 - TAPETE NOMAD 06 300X400.jpg
Nomad 01.jpg,11242 - TAPETE NOMAD 01 100X140.jpg
Nomad 01.jpg,11243 - TAPETE NOMAD 01 140X200.jpg
Nomad 01.jpg,11244 - TAPETE NOMAD 01 200X250.jpg
Nomad 01.jpg,11245 - TAPETE NOMAD 01 250X300.jpg
Nomad 01.jpg,11246 - TAPETE NOMAD 01 300X400.jpg
Nomad 01.jpg,11393 - TAPETE NOMAD 01 50X50.jpg
Nomad 02.jpg,11247 - TAPETE NOMAD 02 100X140.jpg
Nomad 02.jpg,11248 - TAPETE NOMAD 02 140X200.jpg
Nomad 02.jpg,11249 - TAPETE NOMAD 02 200X250.jpg
Nomad 02.jpg,11250 - TAPETE NOMAD 02 250X300.jpg
Nomad 02.jpg,11251 - TAPETE NOMAD 02 300X400.jpg
Nomad 03.jpg,11252 - TAPETE NOMAD 03 100X140.jpg
Nomad 03.jpg,11253 - TAPETE NOMAD 03 140X200.jpg
Nomad 03.jpg,11254 - TAPETE NOMAD 03 200X250.jpg
Nomad 03.jpg,11255 - TAPETE NOMAD 03 250X300.jpg
Nomad 03.jpg,11256 - TAPETE NOMAD 03 300X400.jpg
Nomad 04.jpg,11257 - TAPETE NOMAD 04 100X140.jpg
Nomad 04.jpg,11258 - TAPETE NOMAD 04 140X200.jpg
Nomad 04.jpg,11259 - TAPETE NOMAD 04 200X250.jpg
Nomad 04.jpg,11260 - TAPETE NOMAD 04 250X300.jpg
Nomad 04.jpg,11261 - TAPETE NOMAD 04 300X400.jpg
Nomad 05.jpg,11262 - TAPETE NOMAD 05 100X140.jpg
Nomad 05.jpg,11263 - TAPETE NOMAD 05 140X200.jpg
Nomad 05.jpg,11264 - TAPETE NOMAD 05 200X250.jpg
Nomad 05.jpg,11265 - TAPETE NOMAD 05 250X300.jpg
Nomad 05.jpg,11266 - TAPETE NOMAD 05 300X400.jpg
Nomad 06.jpg,11267 - TAPETE NOMAD 06 100X140.jpg
Nomad 06.jpg,11268 - TAPETE NOMAD 06 140X200.jpg
Nomad 06.jpg,11269 - TAPETE NOMAD 06 200X250.jpg
Nomad 06.jpg,11270 - TAPETE NOMAD 06 250X300.jpg
Nomad 06.jpg,11271 - TAPETE NOMAD 06 300X400.jpg
